reviewId,userId,attractionId,rating,text,date
1,2,1,1,Terrible experience during monsoon season. Trails were washed out and operations were disorganized.,2026-01-21
2,48,1,4,Very impressive destination with fantastic photo opportunities. Can get a bit crowded around midday.,2025-02-19
3,18,1,3,"Decent stopover for an hour or two. Nice scenery, but quite hot in the afternoon.",2026-02-03
4,16,1,4,Thoroughly enjoyed our visit to Sigiriya Ancient Rock Fortress. Wear comfortable shoes and bring sunscreen!,2026-09-10
5,15,1,5,"A must-visit in Sri Lanka. Incredible history, tranquil atmosphere, and great value for $36/day.",2024-10-02
6,9,1,4,Thoroughly enjoyed our visit to Sigiriya Ancient Rock Fortress. Wear comfortable shoes and bring sunscreen!,2026-04-10
7,7,1,4,Thoroughly enjoyed our visit to Sigiriya Ancient Rock Fortress. Wear comfortable shoes and bring sunscreen!,2026-06-04
8,35,1,3,"Nice place, but definitely overrun with tourists on weekends. Go early in the morning to avoid queues.",2025-09-14
9,6,1,5,Exceeded all expectations. World-class destination with authentic cultural depth and friendly local guides.,2025-12-20
10,38,1,5,"Outstanding! Beautiful scenery and great facilities. Clean, safe, and truly magical for travelers.",2025-03-16
11,28,1,3,"Decent stopover for an hour or two. Nice scenery, but quite hot in the afternoon.",2026-06-28
12,3,1,5,Exceeded all expectations. World-class destination with authentic cultural depth and friendly local guides.,2025-09-11
13,13,2,4,Thoroughly enjoyed our visit to Galle Dutch Fort & Lighthouse. Wear comfortable shoes and bring sunscreen!,2024-09-28
14,46,2,5,Absolutely breathtaking experience! The views at Galle Dutch Fort & Lighthouse were unforgettable and the staff was so friendly.,2025-01-01
15,5,2,5,Exceeded all expectations. World-class destination with authentic cultural depth and friendly local guides.,2026-01-09
16,3,2,3,"Decent stopover for an hour or two. Nice scenery, but quite hot in the afternoon.",2025-12-14
17,43,2,5,Exceeded all expectations. World-class destination with authentic cultural depth and friendly local guides.,2026-02-04
18,15,2,5,Absolutely breathtaking experience! The views at Galle Dutch Fort & Lighthouse were unforgettable and the staff was so friendly.,2026-01-25
19,19,2,5,Highlight of our 2-week vacation! Loved every single minute. Perfect for anyone interested in Culture.,2025-08-02
20,6,2,4,Great experience overall. Well maintained and lovely surroundings. Worth the entrance fee.,2025-02-13
21,45,2,5,Highlight of our 2-week vacation! Loved every single minute. Perfect for anyone interested in Culture.,2026-02-11
22,7,2,5,"Outstanding! Beautiful scenery and great facilities. Clean, safe, and truly magical for travelers.",2024-11-27
23,25,2,4,Thoroughly enjoyed our visit to Galle Dutch Fort & Lighthouse. Wear comfortable shoes and bring sunscreen!,2026-04-27
24,18,2,4,"Solid 4 stars. Great adventure and beautiful nature, though ticket prices have increased slightly.",2025-03-14
25,30,2,4,"Solid 4 stars. Great adventure and beautiful nature, though ticket prices have increased slightly.",2025-07-05
26,24,2,5,"Outstanding! Beautiful scenery and great facilities. Clean, safe, and truly magical for travelers.",2025-09-11
27,11,2,4,Great experience overall. Well maintained and lovely surroundings. Worth the entrance fee.,2025-04-13
28,37,2,4,Very impressive destination with fantastic photo opportunities. Can get a bit crowded around midday.,2026-05-27
29,41,3,5,Absolutely breathtaking experience! The views at Yala National Park Safari were unforgettable and the staff was so friendly.,2024-10-20
30,11,3,5,Exceeded all expectations. World-class destination with authentic cultural depth and friendly local guides.,2025-12-17
31,44,3,5,Highlight of our 2-week vacation! Loved every single minute. Perfect for anyone interested in Wildlife.,2026-05-25
32,28,3,4,Great experience overall. Well maintained and lovely surroundings. Worth the entrance fee.,2025-06-09
33,39,3,1,Way too expensive for basic amenities. Felt like a tourist trap with zero preservation care.,2025-04-22
34,5,3,5,Exceeded all expectations. World-class destination with authentic cultural depth and friendly local guides.,2026-05-31
35,25,3,5,Highlight of our 2-week vacation! Loved every single minute. Perfect for anyone interested in Wildlife.,2024-12-01
36,48,3,4,Great experience overall. Well maintained and lovely surroundings. Worth the entrance fee.,2026-04-13
37,46,3,4,Great experience overall. Well maintained and lovely surroundings. Worth the entrance fee.,2025-03-13
38,30,3,5,Exceeded all expectations. World-class destination with authentic cultural depth and friendly local guides.,2026-09-16
39,34,3,5,"Outstanding! Beautiful scenery and great facilities. Clean, safe, and truly magical for travelers.",2026-08-28
40,17,3,3,"Average maintenance. The natural beauty is undeniable, but signage and guidance could be improved.",2025-11-06
41,36,3,4,Great experience overall. Well maintained and lovely surroundings. Worth the entrance fee.,2025-02-13
42,6,4,4,"Solid 4 stars. Great adventure and beautiful nature, though ticket prices have increased slightly.",2025-07-10
43,47,4,5,Exceeded all expectations. World-class destination with authentic cultural depth and friendly local guides.,2024-10-10
44,32,4,4,Thoroughly enjoyed our visit to Ella Nine Arch Bridge & Little Adam's Peak. Wear comfortable shoes and bring sunscreen!,2025-08-04
45,5,4,5,Highlight of our 2-week vacation! Loved every single minute. Perfect for anyone interested in Nature.,2025-06-25
46,35,4,5,"Outstanding! Beautiful scenery and great facilities. Clean, safe, and truly magical for travelers.",2026-05-16
47,9,4,4,Very impressive destination with fantastic photo opportunities. Can get a bit crowded around midday.,2025-10-05
48,45,4,1,Terrible experience during monsoon season. Trails were washed out and operations were disorganized.,2025-01-22
49,43,4,4,Very impressive destination with fantastic photo opportunities. Can get a bit crowded around midday.,2024-09-22
50,31,4,5,"A must-visit in Sri Lanka. Incredible history, tranquil atmosphere, and great value for $30/day.",2026-07-09
51,36,4,5,Highlight of our 2-week vacation! Loved every single minute. Perfect for anyone interested in Nature.,2026-07-06
52,11,4,4,Thoroughly enjoyed our visit to Ella Nine Arch Bridge & Little Adam's Peak. Wear comfortable shoes and bring sunscreen!,2024-10-31
53,17,4,4,"Solid 4 stars. Great adventure and beautiful nature, though ticket prices have increased slightly.",2026-05-04
54,37,5,4,Thoroughly enjoyed our visit to Mirissa Blue Whale Watching & Coconut Tree Hill. Wear comfortable shoes and bring sunscreen!,2026-05-28
55,31,5,4,Great experience overall. Well maintained and lovely surroundings. Worth the entrance fee.,2025-03-16
56,16,5,4,Lovely spot for Beaches lovers. Good facilities nearby and easy to reach with a driver.,2026-03-13
57,49,5,4,Great experience overall. Well maintained and lovely surroundings. Worth the entrance fee.,2026-07-01
58,27,5,4,"Solid 4 stars. Great adventure and beautiful nature, though ticket prices have increased slightly.",2026-06-08
59,13,5,2,Expected much more given the hype. Would recommend looking for quieter alternatives nearby.,2026-09-01
60,7,5,5,"A must-visit in Sri Lanka. Incredible history, tranquil atmosphere, and great value for $55/day.",2026-03-30
61,44,5,4,Lovely spot for Beaches lovers. Good facilities nearby and easy to reach with a driver.,2026-02-10
62,28,5,5,Absolutely breathtaking experience! The views at Mirissa Blue Whale Watching & Coconut Tree Hill were unforgettable and the staff was so friendly.,2026-04-01
63,23,5,4,Lovely spot for Beaches lovers. Good facilities nearby and easy to reach with a driver.,2025-12-19
64,42,5,5,"Outstanding! Beautiful scenery and great facilities. Clean, safe, and truly magical for travelers.",2025-11-28
65,46,5,4,"Solid 4 stars. Great adventure and beautiful nature, though ticket prices have increased slightly.",2024-11-08
66,30,5,5,"A must-visit in Sri Lanka. Incredible history, tranquil atmosphere, and great value for $55/day.",2026-03-06
67,4,5,4,Very impressive destination with fantastic photo opportunities. Can get a bit crowded around midday.,2025-01-31
68,43,5,5,Absolutely breathtaking experience! The views at Mirissa Blue Whale Watching & Coconut Tree Hill were unforgettable and the staff was so friendly.,2025-10-30
69,50,5,2,Expected much more given the hype. Would recommend looking for quieter alternatives nearby.,2025-05-16
70,34,6,4,"Solid 4 stars. Great adventure and beautiful nature, though ticket prices have increased slightly.",2025-02-15
71,11,6,4,Thoroughly enjoyed our visit to Temple of the Sacred Tooth Relic (Sri Dalada Maligawa). Wear comfortable shoes and bring sunscreen!,2026-02-19
72,4,6,5,Highlight of our 2-week vacation! Loved every single minute. Perfect for anyone interested in Culture.,2026-01-15
73,33,6,4,Great experience overall. Well maintained and lovely surroundings. Worth the entrance fee.,2024-10-29
74,6,6,5,"Outstanding! Beautiful scenery and great facilities. Clean, safe, and truly magical for travelers.",2025-10-28
75,12,6,5,Absolutely breathtaking experience! The views at Temple of the Sacred Tooth Relic (Sri Dalada Maligawa) were unforgettable and the staff was so friendly.,2026-09-07
76,5,6,4,"Solid 4 stars. Great adventure and beautiful nature, though ticket prices have increased slightly.",2026-06-06
77,39,6,2,A bit disappointed. Too crowded and vendors can be quite pushy near the entrance.,2025-04-16
78,44,6,4,Thoroughly enjoyed our visit to Temple of the Sacred Tooth Relic (Sri Dalada Maligawa). Wear comfortable shoes and bring sunscreen!,2026-07-08
79,16,6,5,Highlight of our 2-week vacation! Loved every single minute. Perfect for anyone interested in Culture.,2025-11-29
80,26,6,3,"Average maintenance. The natural beauty is undeniable, but signage and guidance could be improved.",2024-12-29
81,8,6,5,Exceeded all expectations. World-class destination with authentic cultural depth and friendly local guides.,2026-09-08
82,37,6,5,Exceeded all expectations. World-class destination with authentic cultural depth and friendly local guides.,2025-11-14
83,41,6,5,Absolutely breathtaking experience! The views at Temple of the Sacred Tooth Relic (Sri Dalada Maligawa) were unforgettable and the staff was so friendly.,2026-05-02
84,3,6,4,Very impressive destination with fantastic photo opportunities. Can get a bit crowded around midday.,2025-02-27
85,46,6,3,"Average maintenance. The natural beauty is undeniable, but signage and guidance could be improved.",2025-01-05
86,46,7,2,Overpriced compared to what is offered. Long waiting times and limited shade.,2025-12-07
87,22,7,2,Overpriced compared to what is offered. Long waiting times and limited shade.,2026-05-06
88,14,7,4,Thoroughly enjoyed our visit to Kitulgala White Water Rafting. Wear comfortable shoes and bring sunscreen!,2026-04-04
89,44,7,5,Exceeded all expectations. World-class destination with authentic cultural depth and friendly local guides.,2024-09-24
90,41,7,4,Very impressive destination with fantastic photo opportunities. Can get a bit crowded around midday.,2026-05-25
91,17,7,2,Expected much more given the hype. Would recommend looking for quieter alternatives nearby.,2026-04-17
92,33,7,4,Thoroughly enjoyed our visit to Kitulgala White Water Rafting. Wear comfortable shoes and bring sunscreen!,2025-01-28
93,32,7,4,Lovely spot for Adventure lovers. Good facilities nearby and easy to reach with a driver.,2026-05-09
94,45,7,2,Overpriced compared to what is offered. Long waiting times and limited shade.,2026-08-07
95,4,7,5,"A must-visit in Sri Lanka. Incredible history, tranquil atmosphere, and great value for $48/day.",2024-10-18
96,43,8,5,Absolutely breathtaking experience! The views at Colombo Street Food & Pettah Market Tour were unforgettable and the staff was so friendly.,2026-03-17
97,7,8,5,Highlight of our 2-week vacation! Loved every single minute. Perfect for anyone interested in Food.,2025-07-22
98,23,8,5,"A must-visit in Sri Lanka. Incredible history, tranquil atmosphere, and great value for $28/day.",2025-12-17
99,36,8,3,"Nice place, but definitely overrun with tourists on weekends. Go early in the morning to avoid queues.",2025-08-21
100,27,8,5,"Outstanding! Beautiful scenery and great facilities. Clean, safe, and truly magical for travelers.",2026-02-01
101,40,8,3,"Decent stopover for an hour or two. Nice scenery, but quite hot in the afternoon.",2025-09-23
102,10,8,4,Great experience overall. Well maintained and lovely surroundings. Worth the entrance fee.,2026-01-31
103,16,8,1,Terrible experience during monsoon season. Trails were washed out and operations were disorganized.,2025-08-04
104,11,8,4,Very impressive destination with fantastic photo opportunities. Can get a bit crowded around midday.,2025-12-05
105,12,8,4,"Solid 4 stars. Great adventure and beautiful nature, though ticket prices have increased slightly.",2025-08-03
106,22,9,4,"Solid 4 stars. Great adventure and beautiful nature, though ticket prices have increased slightly.",2026-03-06
107,2,9,4,Lovely spot for Nature lovers. Good facilities nearby and easy to reach with a driver.,2026-09-15
108,8,9,4,"Solid 4 stars. Great adventure and beautiful nature, though ticket prices have increased slightly.",2024-10-13
109,17,9,5,"A must-visit in Sri Lanka. Incredible history, tranquil atmosphere, and great value for $45/day.",2025-09-09
110,12,9,4,Thoroughly enjoyed our visit to Horton Plains & World's End Precipice. Wear comfortable shoes and bring sunscreen!,2024-12-17
111,38,9,4,Very impressive destination with fantastic photo opportunities. Can get a bit crowded around midday.,2025-11-13
112,47,9,4,Lovely spot for Nature lovers. Good facilities nearby and easy to reach with a driver.,2025-10-17
113,3,9,4,Thoroughly enjoyed our visit to Horton Plains & World's End Precipice. Wear comfortable shoes and bring sunscreen!,2025-02-26
114,7,9,3,"Decent stopover for an hour or two. Nice scenery, but quite hot in the afternoon.",2024-11-05
115,39,9,5,"A must-visit in Sri Lanka. Incredible history, tranquil atmosphere, and great value for $45/day.",2024-12-25
116,28,9,5,"Outstanding! Beautiful scenery and great facilities. Clean, safe, and truly magical for travelers.",2025-03-04
117,23,9,5,Highlight of our 2-week vacation! Loved every single minute. Perfect for anyone interested in Nature.,2025-11-27
118,21,9,4,"Solid 4 stars. Great adventure and beautiful nature, though ticket prices have increased slightly.",2025-01-03
119,40,9,5,"Outstanding! Beautiful scenery and great facilities. Clean, safe, and truly magical for travelers.",2025-06-21
120,33,9,4,Great experience overall. Well maintained and lovely surroundings. Worth the entrance fee.,2025-04-11
121,48,9,4,Great experience overall. Well maintained and lovely surroundings. Worth the entrance fee.,2024-11-11
122,19,10,3,"Good experience overall, though a bit pricey for foreign tourists compared to other sights.",2026-04-19
123,33,10,1,Terrible experience during monsoon season. Trails were washed out and operations were disorganized.,2025-05-18
124,43,10,4,Very impressive destination with fantastic photo opportunities. Can get a bit crowded around midday.,2025-06-07
125,41,10,4,"Solid 4 stars. Great adventure and beautiful nature, though ticket prices have increased slightly.",2026-03-01
126,40,10,5,"Outstanding! Beautiful scenery and great facilities. Clean, safe, and truly magical for travelers.",2025-04-28
127,22,10,4,Great experience overall. Well maintained and lovely surroundings. Worth the entrance fee.,2024-11-14
128,6,10,4,Very impressive destination with fantastic photo opportunities. Can get a bit crowded around midday.,2025-07-08
129,16,10,3,"Decent stopover for an hour or two. Nice scenery, but quite hot in the afternoon.",2026-07-27
130,20,10,4,Very impressive destination with fantastic photo opportunities. Can get a bit crowded around midday.,2025-06-06
131,30,11,5,"Outstanding! Beautiful scenery and great facilities. Clean, safe, and truly magical for travelers.",2025-06-13
132,43,11,4,Great experience overall. Well maintained and lovely surroundings. Worth the entrance fee.,2024-12-03
133,34,11,4,"Solid 4 stars. Great adventure and beautiful nature, though ticket prices have increased slightly.",2025-05-08
134,36,11,5,Highlight of our 2-week vacation! Loved every single minute. Perfect for anyone interested in Wildlife.,2025-06-23
135,39,11,2,Overpriced compared to what is offered. Long waiting times and limited shade.,2026-01-19
136,21,11,4,Thoroughly enjoyed our visit to Udawalawe Elephant Sanctuary Safari. Wear comfortable shoes and bring sunscreen!,2025-03-12
137,29,11,3,"Good experience overall, though a bit pricey for foreign tourists compared to other sights.",2026-01-23
138,40,11,4,Great experience overall. Well maintained and lovely surroundings. Worth the entrance fee.,2024-09-23
139,33,11,4,Lovely spot for Wildlife lovers. Good facilities nearby and easy to reach with a driver.,2025-07-26
140,28,11,4,Lovely spot for Wildlife lovers. Good facilities nearby and easy to reach with a driver.,2025-07-18
141,47,11,2,Overpriced compared to what is offered. Long waiting times and limited shade.,2025-08-14
142,44,11,5,Exceeded all expectations. World-class destination with authentic cultural depth and friendly local guides.,2024-10-04
143,11,11,1,Way too expensive for basic amenities. Felt like a tourist trap with zero preservation care.,2025-05-16
144,23,12,3,"Decent stopover for an hour or two. Nice scenery, but quite hot in the afternoon.",2025-05-07
145,20,12,1,Way too expensive for basic amenities. Felt like a tourist trap with zero preservation care.,2024-11-01
146,25,12,4,Lovely spot for Adventure lovers. Good facilities nearby and easy to reach with a driver.,2026-03-31
147,27,12,5,"A must-visit in Sri Lanka. Incredible history, tranquil atmosphere, and great value for $52/day.",2024-12-18
148,35,12,4,Lovely spot for Adventure lovers. Good facilities nearby and easy to reach with a driver.,2025-01-18
149,46,12,4,Very impressive destination with fantastic photo opportunities. Can get a bit crowded around midday.,2026-06-23
150,39,12,4,Great experience overall. Well maintained and lovely surroundings. Worth the entrance fee.,2025-06-01
151,15,12,3,"Average maintenance. The natural beauty is undeniable, but signage and guidance could be improved.",2025-08-24
152,32,12,4,Lovely spot for Adventure lovers. Good facilities nearby and easy to reach with a driver.,2025-10-17
153,49,13,3,"Nice place, but definitely overrun with tourists on weekends. Go early in the morning to avoid queues.",2024-11-18
154,25,13,2,A bit disappointed. Too crowded and vendors can be quite pushy near the entrance.,2026-01-06
155,18,13,3,"Nice place, but definitely overrun with tourists on weekends. Go early in the morning to avoid queues.",2024-12-19
156,27,13,3,"Good experience overall, though a bit pricey for foreign tourists compared to other sights.",2025-05-20
157,17,13,4,"Solid 4 stars. Great adventure and beautiful nature, though ticket prices have increased slightly.",2026-02-05
158,6,13,4,Thoroughly enjoyed our visit to Adam's Peak (Sri Pada) Sacred Sunrise Pilgrimage. Wear comfortable shoes and bring sunscreen!,2025-09-04
159,31,13,3,"Nice place, but definitely overrun with tourists on weekends. Go early in the morning to avoid queues.",2026-04-02
160,2,13,5,Absolutely breathtaking experience! The views at Adam's Peak (Sri Pada) Sacred Sunrise Pilgrimage were unforgettable and the staff was so friendly.,2025-02-01
161,35,13,1,Way too expensive for basic amenities. Felt like a tourist trap with zero preservation care.,2025-02-04
162,4,13,4,Lovely spot for Adventure lovers. Good facilities nearby and easy to reach with a driver.,2025-08-06
163,23,13,5,"A must-visit in Sri Lanka. Incredible history, tranquil atmosphere, and great value for $18/day.",2026-07-01
164,45,14,4,Thoroughly enjoyed our visit to Bentota Golden Beach & Water Sports Haven. Wear comfortable shoes and bring sunscreen!,2026-07-08
165,41,14,4,Thoroughly enjoyed our visit to Bentota Golden Beach & Water Sports Haven. Wear comfortable shoes and bring sunscreen!,2026-09-04
166,16,14,5,"Outstanding! Beautiful scenery and great facilities. Clean, safe, and truly magical for travelers.",2026-05-31
167,7,14,4,Thoroughly enjoyed our visit to Bentota Golden Beach & Water Sports Haven. Wear comfortable shoes and bring sunscreen!,2024-12-05
168,50,14,5,"Outstanding! Beautiful scenery and great facilities. Clean, safe, and truly magical for travelers.",2024-09-22
169,20,14,3,"Good experience overall, though a bit pricey for foreign tourists compared to other sights.",2025-03-31
170,44,14,5,Highlight of our 2-week vacation! Loved every single minute. Perfect for anyone interested in Beaches.,2024-12-25
171,39,14,5,Exceeded all expectations. World-class destination with authentic cultural depth and friendly local guides.,2025-05-09
172,8,14,4,"Solid 4 stars. Great adventure and beautiful nature, though ticket prices have increased slightly.",2025-12-16
173,37,14,4,Great experience overall. Well maintained and lovely surroundings. Worth the entrance fee.,2026-06-20
174,3,14,3,"Decent stopover for an hour or two. Nice scenery, but quite hot in the afternoon.",2026-01-10
175,23,14,5,Exceeded all expectations. World-class destination with authentic cultural depth and friendly local guides.,2024-12-31
176,35,14,4,Thoroughly enjoyed our visit to Bentota Golden Beach & Water Sports Haven. Wear comfortable shoes and bring sunscreen!,2026-08-18
177,21,15,4,Great experience overall. Well maintained and lovely surroundings. Worth the entrance fee.,2026-06-21
178,12,15,3,"Decent stopover for an hour or two. Nice scenery, but quite hot in the afternoon.",2025-05-04
179,32,15,4,Great experience overall. Well maintained and lovely surroundings. Worth the entrance fee.,2024-10-09
180,14,15,4,Lovely spot for Culture lovers. Good facilities nearby and easy to reach with a driver.,2025-06-15
181,23,15,5,Absolutely breathtaking experience! The views at Dambulla Royal Golden Cave Temple were unforgettable and the staff was so friendly.,2025-11-19
182,17,15,3,"Good experience overall, though a bit pricey for foreign tourists compared to other sights.",2025-11-07
183,22,15,4,Thoroughly enjoyed our visit to Dambulla Royal Golden Cave Temple. Wear comfortable shoes and bring sunscreen!,2025-05-20
184,18,15,4,Thoroughly enjoyed our visit to Dambulla Royal Golden Cave Temple. Wear comfortable shoes and bring sunscreen!,2025-07-08
185,39,15,5,Exceeded all expectations. World-class destination with authentic cultural depth and friendly local guides.,2025-10-13
186,43,15,4,Lovely spot for Culture lovers. Good facilities nearby and easy to reach with a driver.,2025-12-13
187,36,15,4,Great experience overall. Well maintained and lovely surroundings. Worth the entrance fee.,2026-05-16
188,1,15,5,Highlight of our 2-week vacation! Loved every single minute. Perfect for anyone interested in Culture.,2026-05-17
189,13,16,3,"Nice place, but definitely overrun with tourists on weekends. Go early in the morning to avoid queues.",2026-03-02
190,14,16,3,"Average maintenance. The natural beauty is undeniable, but signage and guidance could be improved.",2026-03-17
191,48,16,3,"Good experience overall, though a bit pricey for foreign tourists compared to other sights.",2025-12-10
192,31,16,1,Terrible experience during monsoon season. Trails were washed out and operations were disorganized.,2025-02-27
193,18,16,3,"Good experience overall, though a bit pricey for foreign tourists compared to other sights.",2024-12-02
194,38,16,5,"Outstanding! Beautiful scenery and great facilities. Clean, safe, and truly magical for travelers.",2026-06-03
195,34,16,5,Exceeded all expectations. World-class destination with authentic cultural depth and friendly local guides.,2025-11-29
196,39,16,4,Lovely spot for History lovers. Good facilities nearby and easy to reach with a driver.,2025-10-03
197,4,17,4,Very impressive destination with fantastic photo opportunities. Can get a bit crowded around midday.,2026-04-14
198,17,17,2,Expected much more given the hype. Would recommend looking for quieter alternatives nearby.,2025-11-09
199,31,17,2,A bit disappointed. Too crowded and vendors can be quite pushy near the entrance.,2026-05-18
200,8,17,4,Lovely spot for History lovers. Good facilities nearby and easy to reach with a driver.,2025-01-04
201,5,17,4,"Solid 4 stars. Great adventure and beautiful nature, though ticket prices have increased slightly.",2026-01-28
202,26,17,4,Lovely spot for History lovers. Good facilities nearby and easy to reach with a driver.,2025-06-12
203,32,17,5,Highlight of our 2-week vacation! Loved every single minute. Perfect for anyone interested in History.,2025-01-22
204,46,17,5,Highlight of our 2-week vacation! Loved every single minute. Perfect for anyone interested in History.,2025-02-11
205,40,18,4,Great experience overall. Well maintained and lovely surroundings. Worth the entrance fee.,2026-01-14
206,48,18,2,A bit disappointed. Too crowded and vendors can be quite pushy near the entrance.,2026-04-09
207,7,18,1,Way too expensive for basic amenities. Felt like a tourist trap with zero preservation care.,2024-10-11
208,14,18,4,Thoroughly enjoyed our visit to Trincomalee Koneswaram Temple & Swami Rock. Wear comfortable shoes and bring sunscreen!,2026-08-14
209,41,18,3,"Average maintenance. The natural beauty is undeniable, but signage and guidance could be improved.",2024-09-27
210,47,18,5,Absolutely breathtaking experience! The views at Trincomalee Koneswaram Temple & Swami Rock were unforgettable and the staff was so friendly.,2024-10-13
211,17,18,3,"Average maintenance. The natural beauty is undeniable, but signage and guidance could be improved.",2024-12-15
212,43,19,5,Exceeded all expectations. World-class destination with authentic cultural depth and friendly local guides.,2025-02-11
213,13,19,5,"Outstanding! Beautiful scenery and great facilities. Clean, safe, and truly magical for travelers.",2026-05-12
214,28,19,4,Thoroughly enjoyed our visit to Nuwara Eliya Tea Estate & Colonial Heritage. Wear comfortable shoes and bring sunscreen!,2024-09-30
215,8,19,4,Thoroughly enjoyed our visit to Nuwara Eliya Tea Estate & Colonial Heritage. Wear comfortable shoes and bring sunscreen!,2025-04-22
216,35,19,4,Lovely spot for Food lovers. Good facilities nearby and easy to reach with a driver.,2026-06-26
217,15,19,4,Lovely spot for Food lovers. Good facilities nearby and easy to reach with a driver.,2025-10-21
218,42,19,4,Very impressive destination with fantastic photo opportunities. Can get a bit crowded around midday.,2026-06-15
219,10,19,3,"Nice place, but definitely overrun with tourists on weekends. Go early in the morning to avoid queues.",2024-10-28
220,18,19,5,Exceeded all expectations. World-class destination with authentic cultural depth and friendly local guides.,2026-08-06
221,50,19,5,"A must-visit in Sri Lanka. Incredible history, tranquil atmosphere, and great value for $35/day.",2025-05-23
222,5,19,4,Lovely spot for Food lovers. Good facilities nearby and easy to reach with a driver.,2025-12-06
223,4,19,3,"Decent stopover for an hour or two. Nice scenery, but quite hot in the afternoon.",2024-12-05
224,11,19,5,Absolutely breathtaking experience! The views at Nuwara Eliya Tea Estate & Colonial Heritage were unforgettable and the staff was so friendly.,2025-05-23
225,27,20,3,"Decent stopover for an hour or two. Nice scenery, but quite hot in the afternoon.",2025-03-02
226,22,20,1,Terrible experience during monsoon season. Trails were washed out and operations were disorganized.,2025-10-29
227,21,20,3,"Nice place, but definitely overrun with tourists on weekends. Go early in the morning to avoid queues.",2025-07-30
228,43,20,5,Absolutely breathtaking experience! The views at Arugam Bay World Championship Surf Point were unforgettable and the staff was so friendly.,2024-11-12
229,7,20,5,"Outstanding! Beautiful scenery and great facilities. Clean, safe, and truly magical for travelers.",2025-07-20
230,11,20,1,Way too expensive for basic amenities. Felt like a tourist trap with zero preservation care.,2024-12-18
231,49,20,4,Lovely spot for Adventure lovers. Good facilities nearby and easy to reach with a driver.,2026-07-26
232,50,20,3,"Good experience overall, though a bit pricey for foreign tourists compared to other sights.",2025-11-26
233,32,20,4,Lovely spot for Adventure lovers. Good facilities nearby and easy to reach with a driver.,2026-05-15
234,41,21,4,Great experience overall. Well maintained and lovely surroundings. Worth the entrance fee.,2026-05-23
235,39,21,4,Very impressive destination with fantastic photo opportunities. Can get a bit crowded around midday.,2024-11-22
236,16,21,5,"Outstanding! Beautiful scenery and great facilities. Clean, safe, and truly magical for travelers.",2025-11-22
237,46,21,4,Thoroughly enjoyed our visit to Knuckles Mountain Range Wilderness Trek. Wear comfortable shoes and bring sunscreen!,2025-07-18
238,11,21,5,"Outstanding! Beautiful scenery and great facilities. Clean, safe, and truly magical for travelers.",2026-01-10
239,20,21,4,Great experience overall. Well maintained and lovely surroundings. Worth the entrance fee.,2025-08-20
240,36,21,3,"Good experience overall, though a bit pricey for foreign tourists compared to other sights.",2026-07-07
241,1,21,3,"Decent stopover for an hour or two. Nice scenery, but quite hot in the afternoon.",2025-10-03
242,44,21,5,Exceeded all expectations. World-class destination with authentic cultural depth and friendly local guides.,2025-12-17
243,19,22,5,"Outstanding! Beautiful scenery and great facilities. Clean, safe, and truly magical for travelers.",2025-03-14
244,47,22,4,Thoroughly enjoyed our visit to Wilpattu National Park Leopard & Villu Safari. Wear comfortable shoes and bring sunscreen!,2025-02-28
245,20,22,4,Lovely spot for Wildlife lovers. Good facilities nearby and easy to reach with a driver.,2025-06-07
246,38,22,5,"A must-visit in Sri Lanka. Incredible history, tranquil atmosphere, and great value for $85/day.",2024-10-02
247,49,22,3,"Decent stopover for an hour or two. Nice scenery, but quite hot in the afternoon.",2026-01-20
248,43,22,5,"Outstanding! Beautiful scenery and great facilities. Clean, safe, and truly magical for travelers.",2026-08-03
249,32,22,3,"Decent stopover for an hour or two. Nice scenery, but quite hot in the afternoon.",2024-09-24
250,25,23,5,"Outstanding! Beautiful scenery and great facilities. Clean, safe, and truly magical for travelers.",2026-06-06
251,43,23,4,Lovely spot for Beaches lovers. Good facilities nearby and easy to reach with a driver.,2026-09-01
252,42,23,4,Lovely spot for Beaches lovers. Good facilities nearby and easy to reach with a driver.,2024-11-15
253,10,23,5,Absolutely breathtaking experience! The views at Unawatuna Coral Reef & Jungle Beach were unforgettable and the staff was so friendly.,2025-05-24
254,32,23,5,Highlight of our 2-week vacation! Loved every single minute. Perfect for anyone interested in Beaches.,2025-10-05
255,3,23,4,Lovely spot for Beaches lovers. Good facilities nearby and easy to reach with a driver.,2024-11-20
256,9,23,2,Overpriced compared to what is offered. Long waiting times and limited shade.,2024-10-26
257,33,23,5,"Outstanding! Beautiful scenery and great facilities. Clean, safe, and truly magical for travelers.",2025-10-27
258,38,23,4,Lovely spot for Beaches lovers. Good facilities nearby and easy to reach with a driver.,2025-03-11
259,22,23,1,Terrible experience during monsoon season. Trails were washed out and operations were disorganized.,2026-01-19
260,15,24,4,Very impressive destination with fantastic photo opportunities. Can get a bit crowded around midday.,2026-07-31
261,48,24,3,"Nice place, but definitely overrun with tourists on weekends. Go early in the morning to avoid queues.",2025-11-20
262,6,24,3,"Decent stopover for an hour or two. Nice scenery, but quite hot in the afternoon.",2026-04-20
263,28,24,3,"Decent stopover for an hour or two. Nice scenery, but quite hot in the afternoon.",2025-02-14
264,7,24,4,Great experience overall. Well maintained and lovely surroundings. Worth the entrance fee.,2026-03-26
265,41,24,2,Expected much more given the hype. Would recommend looking for quieter alternatives nearby.,2025-08-21
266,46,24,4,Great experience overall. Well maintained and lovely surroundings. Worth the entrance fee.,2025-04-25
267,29,24,5,"A must-visit in Sri Lanka. Incredible history, tranquil atmosphere, and great value for $34/day.",2026-01-22
268,11,24,4,Thoroughly enjoyed our visit to Kaffir & Jaffna Heritage Crab Curry Tour. Wear comfortable shoes and bring sunscreen!,2025-06-03
269,43,25,3,"Decent stopover for an hour or two. Nice scenery, but quite hot in the afternoon.",2024-10-10
270,1,25,3,"Average maintenance. The natural beauty is undeniable, but signage and guidance could be improved.",2026-02-25
271,30,25,5,"Outstanding! Beautiful scenery and great facilities. Clean, safe, and truly magical for travelers.",2026-05-30
272,19,25,3,"Average maintenance. The natural beauty is undeniable, but signage and guidance could be improved.",2025-02-05
273,44,25,3,"Average maintenance. The natural beauty is undeniable, but signage and guidance could be improved.",2026-08-25
274,35,25,5,"Outstanding! Beautiful scenery and great facilities. Clean, safe, and truly magical for travelers.",2025-12-09
275,11,25,1,Terrible experience during monsoon season. Trails were washed out and operations were disorganized.,2025-01-04
276,5,25,5,Highlight of our 2-week vacation! Loved every single minute. Perfect for anyone interested in Beaches.,2026-01-24
277,29,25,4,Thoroughly enjoyed our visit to Hiriketiya Horseshoe Bay & Surf Break. Wear comfortable shoes and bring sunscreen!,2026-02-04
278,23,25,4,"Solid 4 stars. Great adventure and beautiful nature, though ticket prices have increased slightly.",2026-01-03
279,38,25,4,Great experience overall. Well maintained and lovely surroundings. Worth the entrance fee.,2024-12-12
280,41,26,3,"Good experience overall, though a bit pricey for foreign tourists compared to other sights.",2026-06-16
281,42,26,5,Highlight of our 2-week vacation! Loved every single minute. Perfect for anyone interested in Culture.,2025-07-18
282,3,26,2,A bit disappointed. Too crowded and vendors can be quite pushy near the entrance.,2025-03-13
283,20,26,5,Highlight of our 2-week vacation! Loved every single minute. Perfect for anyone interested in Culture.,2025-03-22
284,29,26,4,Thoroughly enjoyed our visit to Jaffna Fort & Nallur Kandaswamy Kovil. Wear comfortable shoes and bring sunscreen!,2026-04-01
285,48,26,3,"Decent stopover for an hour or two. Nice scenery, but quite hot in the afternoon.",2025-11-18
286,38,26,4,Thoroughly enjoyed our visit to Jaffna Fort & Nallur Kandaswamy Kovil. Wear comfortable shoes and bring sunscreen!,2026-05-22
287,5,27,4,Thoroughly enjoyed our visit to Minneriya National Park Elephant Gathering. Wear comfortable shoes and bring sunscreen!,2025-01-26
288,10,27,4,Thoroughly enjoyed our visit to Minneriya National Park Elephant Gathering. Wear comfortable shoes and bring sunscreen!,2026-05-29
289,15,27,5,"Outstanding! Beautiful scenery and great facilities. Clean, safe, and truly magical for travelers.",2026-08-22
290,44,27,5,Exceeded all expectations. World-class destination with authentic cultural depth and friendly local guides.,2025-10-16
291,47,27,5,"A must-visit in Sri Lanka. Incredible history, tranquil atmosphere, and great value for $75/day.",2024-11-22
292,26,27,2,Overpriced compared to what is offered. Long waiting times and limited shade.,2024-09-29
293,36,27,4,Lovely spot for Wildlife lovers. Good facilities nearby and easy to reach with a driver.,2026-05-20
294,24,27,3,"Nice place, but definitely overrun with tourists on weekends. Go early in the morning to avoid queues.",2025-11-09
295,6,27,5,Absolutely breathtaking experience! The views at Minneriya National Park Elephant Gathering were unforgettable and the staff was so friendly.,2026-06-09
296,45,27,4,"Solid 4 stars. Great adventure and beautiful nature, though ticket prices have increased slightly.",2026-05-01
297,1,27,4,Thoroughly enjoyed our visit to Minneriya National Park Elephant Gathering. Wear comfortable shoes and bring sunscreen!,2024-10-30
298,17,27,5,Exceeded all expectations. World-class destination with authentic cultural depth and friendly local guides.,2025-07-14
299,35,27,5,"A must-visit in Sri Lanka. Incredible history, tranquil atmosphere, and great value for $75/day.",2025-07-19
300,8,27,5,"Outstanding! Beautiful scenery and great facilities. Clean, safe, and truly magical for travelers.",2024-12-25
301,30,27,4,Thoroughly enjoyed our visit to Minneriya National Park Elephant Gathering. Wear comfortable shoes and bring sunscreen!,2026-08-14
302,14,28,5,Highlight of our 2-week vacation! Loved every single minute. Perfect for anyone interested in Adventure.,2026-07-16
303,29,28,3,"Good experience overall, though a bit pricey for foreign tourists compared to other sights.",2026-05-14
304,49,28,5,"Outstanding! Beautiful scenery and great facilities. Clean, safe, and truly magical for travelers.",2026-06-15
305,16,28,4,"Solid 4 stars. Great adventure and beautiful nature, though ticket prices have increased slightly.",2026-08-26
306,24,28,1,Way too expensive for basic amenities. Felt like a tourist trap with zero preservation care.,2026-01-10
307,7,28,5,Exceeded all expectations. World-class destination with authentic cultural depth and friendly local guides.,2026-02-18
308,44,28,2,Expected much more given the hype. Would recommend looking for quieter alternatives nearby.,2026-02-16
309,46,28,4,Great experience overall. Well maintained and lovely surroundings. Worth the entrance fee.,2025-10-15
310,35,28,4,"Solid 4 stars. Great adventure and beautiful nature, though ticket prices have increased slightly.",2026-09-14
311,10,29,1,Terrible experience during monsoon season. Trails were washed out and operations were disorganized.,2025-01-22
312,9,29,3,"Good experience overall, though a bit pricey for foreign tourists compared to other sights.",2025-12-19
313,35,29,1,Way too expensive for basic amenities. Felt like a tourist trap with zero preservation care.,2025-03-27
314,17,29,2,A bit disappointed. Too crowded and vendors can be quite pushy near the entrance.,2025-05-17
315,12,29,4,Thoroughly enjoyed our visit to Lipton's Seat & Dambatenne Tea Factory Trek. Wear comfortable shoes and bring sunscreen!,2025-04-09
316,8,29,4,Lovely spot for Nature lovers. Good facilities nearby and easy to reach with a driver.,2025-04-19
317,43,29,3,"Nice place, but definitely overrun with tourists on weekends. Go early in the morning to avoid queues.",2024-11-11
318,2,29,4,Lovely spot for Nature lovers. Good facilities nearby and easy to reach with a driver.,2024-11-27
319,49,29,5,Absolutely breathtaking experience! The views at Lipton's Seat & Dambatenne Tea Factory Trek were unforgettable and the staff was so friendly.,2025-05-14
320,28,30,2,A bit disappointed. Too crowded and vendors can be quite pushy near the entrance.,2025-12-09
321,44,30,4,"Solid 4 stars. Great adventure and beautiful nature, though ticket prices have increased slightly.",2025-03-04
322,7,30,4,Lovely spot for Culture lovers. Good facilities nearby and easy to reach with a driver.,2025-01-13
323,32,30,4,Lovely spot for Culture lovers. Good facilities nearby and easy to reach with a driver.,2025-04-17
324,46,30,4,Very impressive destination with fantastic photo opportunities. Can get a bit crowded around midday.,2024-09-28
325,29,30,2,Expected much more given the hype. Would recommend looking for quieter alternatives nearby.,2024-11-19
326,5,30,5,Exceeded all expectations. World-class destination with authentic cultural depth and friendly local guides.,2026-02-08
327,6,30,4,Great experience overall. Well maintained and lovely surroundings. Worth the entrance fee.,2025-07-20
328,21,30,3,"Decent stopover for an hour or two. Nice scenery, but quite hot in the afternoon.",2025-08-04
329,39,30,3,"Nice place, but definitely overrun with tourists on weekends. Go early in the morning to avoid queues.",2025-10-31
330,21,31,5,Exceeded all expectations. World-class destination with authentic cultural depth and friendly local guides.,2025-02-18
331,43,31,5,Absolutely breathtaking experience! The views at Pidurangala Rock Sunrise Hike were unforgettable and the staff was so friendly.,2025-07-23
332,17,31,4,Lovely spot for Adventure lovers. Good facilities nearby and easy to reach with a driver.,2026-07-26
333,24,31,5,Exceeded all expectations. World-class destination with authentic cultural depth and friendly local guides.,2025-11-01
334,10,31,4,"Solid 4 stars. Great adventure and beautiful nature, though ticket prices have increased slightly.",2025-04-15
335,44,31,4,Lovely spot for Adventure lovers. Good facilities nearby and easy to reach with a driver.,2026-01-30
336,31,31,5,Highlight of our 2-week vacation! Loved every single minute. Perfect for anyone interested in Adventure.,2025-02-24
337,5,31,4,Thoroughly enjoyed our visit to Pidurangala Rock Sunrise Hike. Wear comfortable shoes and bring sunscreen!,2025-02-06
338,6,31,4,Lovely spot for Adventure lovers. Good facilities nearby and easy to reach with a driver.,2025-02-19
339,42,31,5,Exceeded all expectations. World-class destination with authentic cultural depth and friendly local guides.,2024-12-27
340,41,31,5,Exceeded all expectations. World-class destination with authentic cultural depth and friendly local guides.,2026-08-21
341,28,31,5,Highlight of our 2-week vacation! Loved every single minute. Perfect for anyone interested in Adventure.,2026-08-18
342,7,31,3,"Average maintenance. The natural beauty is undeniable, but signage and guidance could be improved.",2025-10-04
343,47,31,4,Great experience overall. Well maintained and lovely surroundings. Worth the entrance fee.,2026-04-23
344,9,31,5,"Outstanding! Beautiful scenery and great facilities. Clean, safe, and truly magical for travelers.",2026-07-07
345,48,32,4,Great experience overall. Well maintained and lovely surroundings. Worth the entrance fee.,2025-09-03
346,41,32,3,"Average maintenance. The natural beauty is undeniable, but signage and guidance could be improved.",2025-02-12
347,2,32,4,Very impressive destination with fantastic photo opportunities. Can get a bit crowded around midday.,2026-04-10
348,6,32,2,Expected much more given the hype. Would recommend looking for quieter alternatives nearby.,2026-07-28
349,34,32,4,Thoroughly enjoyed our visit to Kandy Spice Garden & Traditional Cooking Class. Wear comfortable shoes and bring sunscreen!,2025-06-20
350,14,32,4,Lovely spot for Food lovers. Good facilities nearby and easy to reach with a driver.,2025-01-03
351,25,32,4,Thoroughly enjoyed our visit to Kandy Spice Garden & Traditional Cooking Class. Wear comfortable shoes and bring sunscreen!,2026-02-08
352,27,32,4,Very impressive destination with fantastic photo opportunities. Can get a bit crowded around midday.,2025-09-28
